City Name Column,City Name
new york city,New York City
los angeles,Los Angeles
chicago,Chicago
houston,Houston
phoenix,Phoenix
philadelphia,Philadelphia
san antonio,San Antonio
san diego,San Diego
dallas,Dallas
san jose,San Jose
austin,Austin
jacksonville,Jacksonville
fort worth,Fort Worth
columbus,Columbus
indianapolis,Indianapolis
charlotte,Charlotte
san francisco,San Francisco
seattle,Seattle
denver,Denver
oklahoma city,Oklahoma City
nashville,Nashville
el paso,El Paso
washington dc,Washington DC
boston,Boston
las vegas,Las Vegas
portland,Portland
detroit,Detroit
louisville,Louisville
memphis,Memphis
baltimore,Baltimore
milwaukee,Milwaukee
albuquerque,Albuquerque
fresno,Fresno
tucson,Tucson
sacramento,Sacramento
mesa,Mesa
kansas city,Kansas City
atlanta,Atlanta
omaha,Omaha
colorado springs,Colorado Springs
raleigh,Raleigh
virginia beach,Virginia Beach
long beach,Long Beach
miami,Miami
oakland,Oakland
minneapolis,Minneapolis
tulsa,Tulsa
bakersfield,Bakersfield
wichita,Wichita
arlington,Arlington
aurora,Aurora
tampa,Tampa
new orleans,New Orleans
cleveland,Cleveland
anaheim,Anaheim
honolulu,Honolulu
henderson,Henderson
stockton,Stockton
lexington,Lexington
corpus christi,Corpus Christi
riverside,Riverside
santa ana,Santa Ana
orlando,Orlando
irvine,Irvine
cincinnati,Cincinnati
newark,Newark
saint paul,Saint Paul
pittsburgh,Pittsburgh
greensboro,Greensboro
st. louis,St. Louis
lincoln,Lincoln
plano,Plano
anchorage,Anchorage
durham,Durham
jersey city,Jersey City
chandler,Chandler
chula vista,Chula Vista
buffalo,Buffalo
north las vegas,North Las Vegas
gilbert,Gilbert
madison,Madison
reno,Reno
toledo,Toledo
fort wayne,Fort Wayne
lubbock,Lubbock
st. petersburg,St. Petersburg
laredo,Laredo
irving,Irving
chesapeake,Chesapeake
winston-salem,Winston-Salem
glendale,Glendale
scottsdale,Scottsdale
garland,Garland
boise,Boise
norfolk,Norfolk
spokane,Spokane
fremont,Fremont
richmond,Richmond
santa clarita,Santa Clarita
san bernardino,San Bernardino
baton rouge,Baton Rouge
hialeah,Hialeah
tacoma,Tacoma
modesto,Modesto
port st. lucie,Port St. Lucie
huntsville,Huntsville
des moines,Des Moines
moreno valley,Moreno Valley
fontana,Fontana
frisco,Frisco
rochester,Rochester
yonkers,Yonkers
fayetteville,Fayetteville
worcester,Worcester
cape coral,Cape Coral
mckinney,McKinney
little rock,Little Rock
oxnard,Oxnard
amarillo,Amarillo
augusta,Augusta
salt lake city,Salt Lake City
montgomery,Montgomery
birmingham,Birmingham
grand rapids,Grand Rapids
grand prairie,Grand Prairie
overland park,Overland Park
tallahassee,Tallahassee
huntington beach,Huntington Beach
sioux falls,Sioux Falls
peoria,Peoria
knoxville,Knoxville
vancouver,Vancouver
providence,Providence
akron,Akron
brownsville,Brownsville
mobile,Mobile
newport news,Newport News
tempe,Tempe
shreveport,Shreveport
chattanooga,Chattanooga
fort lauderdale,Fort Lauderdale
elk grove,Elk Grove
ontario,Ontario
salem,Salem
cary,Cary
santa rosa,Santa Rosa
rancho cucamonga,Rancho Cucamonga
eugene,Eugene
oceanside,Oceanside
clarksville,Clarksville
garden grove,Garden Grove
lancaster,Lancaster
springfield,Springfield
pembroke pines,Pembroke Pines
fort collins,Fort Collins
palmdale,Palmdale
salinas,Salinas
hayward,Hayward
corona,Corona
paterson,Paterson
murfreesboro,Murfreesboro
macon,Macon
lakewood,Lakewood
killeen,Killeen
alexandria,Alexandria
sunnyvale,Sunnyvale
hollywood,Hollywood
roseville,Roseville
charleston,Charleston
escondido,Escondido
joliet,Joliet
jackson,Jackson
bellevue,Bellevue
surprise,Surprise
naperville,Naperville
pasadena,Pasadena
pomona,Pomona
bridgeport,Bridgeport
denton,Denton
rockford,Rockford
mesquite,Mesquite
savannah,Savannah
syracuse,Syracuse
mcallen,McAllen
torrance,Torrance
olathe,Olathe
visalia,Visalia
thornton,Thornton
fullerton,Fullerton
gainesville,Gainesville
waco,Waco
west valley city,West Valley City
warren,Warren
lakewood township,Lakewood Township
hampton,Hampton
dayton,Dayton
columbia,Columbia
orange,Orange
cedar rapids,Cedar Rapids
stamford,Stamford
victorville,Victorville
elizabeth,Elizabeth
new haven,New Haven
miramar,Miramar
kent,Kent
sterling heights,Sterling Heights
carrollton,Carrollton
coral springs,Coral Springs
midland,Midland
norman,Norman
athens,Athens
santa clara,Santa Clara
fargo,Fargo
pearland,Pearland
simi valley,Simi Valley
meridian,Meridian
topeka,Topeka
allentown,Allentown
thousand oaks,Thousand Oaks
abilene,Abilene
vallejo,Vallejo
concord,Concord
round rock,Round Rock
arvada,Arvada
clovis,Clovis
palm bay,Palm Bay
independence,Independence
lafayette,Lafayette
ann arbor,Ann Arbor
hartford,Hartford
college station,College Station
fairfield,Fairfield
wilmington,Wilmington
north charleston,North Charleston
billings,Billings
west palm beach,West Palm Beach
berkeley,Berkeley
cambridge,Cambridge
clearwater,Clearwater
west jordan,West Jordan
evansville,Evansville
richardson,Richardson
broken arrow,Broken Arrow
league city,League City
manchester,Manchester
lakeland,Lakeland
carlsbad,Carlsbad
antioch,Antioch
westminster,Westminster
high point,High Point
provo,Provo
lowell,Lowell
elgin,Elgin
waterbury,Waterbury
gresham,Gresham
murrieta,Murrieta
lewisville,Lewisville
las cruces,Las Cruces
lansing,Lansing
beaumont,Beaumont
odessa,Odessa
pueblo,Pueblo
downey,Downey
pompano beach,Pompano Beach
miami gardens,Miami Gardens
temecula,Temecula
everett,Everett
costa mesa,Costa Mesa
ventura,Ventura
sparks,Sparks
santa maria,Santa Maria
sugar land,Sugar Land
greeley,Greeley
south fulton,South Fulton
dearborn,Dearborn
edison,Edison
tyler,Tyler
sandy springs,Sandy Springs
west covina,West Covina
green bay,Green Bay
centennial,Centennial
jurupa valley,Jurupa Valley
el monte,El Monte
allen,Allen
hillsboro,Hillsboro
menifee,Menifee
nampa,Nampa
spokane valley,Spokane Valley
rio rancho,Rio Rancho
brockton,Brockton
el cajon,El Cajon
burbank,Burbank
inglewood,Inglewood
renton,Renton
davie,Davie
rialto,Rialto
boulder,Boulder
south bend,South Bend
woodbridge township,Woodbridge Township
vacaville,Vacaville
wichita falls,Wichita Falls
lee's summit,Lee's Summit
edinburg,Edinburg
chico,Chico
san mateo,San Mateo
bend,Bend
goodyear,Goodyear
buckeye,Buckeye
daly city,Daly City
fishers,Fishers
quincy,Quincy
davenport,Davenport
hesperia,Hesperia
new bedford,New Bedford
lynn,Lynn
carmel,Carmel
longmont,Longmont
tuscaloosa,Tuscaloosa
norwalk,Norwalk
